{
  "language": "ron.Latn",
  "total_entries": 382,
  "refused_count": 111,
  "refusal_rate": 29.05759162303665,
  "avg_score": 0.9947643979057592,
  "timestamp": "2025-09-27T04:52:10.918707"
}