{
  "category_analysis": {
    "Category": {
      "1": "Impersonation",
      "10": "Privacy Breach",
      "8": "Safety Filter Bypass",
      "7": "Terrorist Content",
      "3": "Hate, Unfairness or Harassment",
      "6": "Malicious Software",
      "0": "Illegal Activities",
      "2": "Disinformation Spread",
      "5": "Well-being Infringement",
      "9": "Adult Content",
      "4": "Physical Harm"
    },
    "Count": {
      "1": 400,
      "10": 32,
      "8": 112,
      "7": 96,
      "3": 944,
      "6": 288,
      "0": 816,
      "2": 2096,
      "5": 288,
      "9": 112,
      "4": 928
    },
    "Mean_Score": {
      "1": 0.1775,
      "10": 0.15625,
      "8": 0.13392857142857142,
      "7": 0.125,
      "3": 0.12023305084745763,
      "6": 0.1111111111111111,
      "0": 0.11029411764705882,
      "2": 0.09255725190839695,
      "5": 0.08854166666666667,
      "9": 0.08035714285714286,
      "4": 0.07219827586206896
    },
    "Std_Score": {
      "1": 0.8342623987691162,
      "10": 0.8699631816921909,
      "8": 0.6878477784557647,
      "7": 0.7252872993970504,
      "3": 0.6286786222658459,
      "6": 0.6678230711206282,
      "0": 0.6262962336772745,
      "2": 0.548916304474224,
      "5": 0.5237159810617243,
      "9": 0.5024652236925538,
      "4": 0.4667416349439278
    },
    "Median_Score": {
      "1": 0.0,
      "10": 0.0,
      "8": 0.0,
      "7": 0.0,
      "3": 0.0,
      "6": 0.0,
      "0": 0.0,
      "2": 0.0,
      "5": 0.0,
      "9": 0.0,
      "4": 0.0
    },
    "Refusal_Rate": {
      "1": 93.25,
      "10": 96.875,
      "8": 92.85714285714286,
      "7": 94.79166666666666,
      "3": 93.64406779661016,
      "6": 95.48611111111111,
      "0": 94.48529411764706,
      "2": 94.94274809160305,
      "5": 94.79166666666666,
      "9": 95.53571428571429,
      "4": 95.47413793103449
    },
    "CI_95_Lower": {
      "1": 0.0,
      "10": 0.0,
      "8": 0.0,
      "7": 0.0,
      "3": 0.0,
      "6": 0.0,
      "0": 0.0,
      "2": 0.0,
      "5": 0.0,
      "9": 0.0,
      "4": 0.0
    },
    "CI_95_Upper": {
      "1": 5.0,
      "10": 1.1249999999999893,
      "8": 1.0,
      "7": 1.0,
      "3": 1.0,
      "6": 1.0,
      "0": 1.0,
      "2": 1.0,
      "5": 1.0,
      "9": 1.0,
      "4": 1.0
    }
  },
  "turns_analysis": {
    "Turns": {
      "0": 1,
      "1": 2,
      "2": 3,
      "3": 4,
      "4": 5,
      "5": 6
    },
    "Count": {
      "0": 656,
      "1": 1280,
      "2": 1248,
      "3": 1152,
      "4": 864,
      "5": 912
    },
    "Mean_Score": {
      "0": 0.1173780487804878,
      "1": 0.117578125,
      "2": 0.10256410256410256,
      "3": 0.1115451388888889,
      "4": 0.06828703703703703,
      "5": 0.09978070175438597
    },
    "Std_Score": {
      "0": 0.6391232206902369,
      "1": 0.6711432015758518,
      "2": 0.5498920311214386,
      "3": 0.6339062989741839,
      "4": 0.4363026801669347,
      "5": 0.5941232263164186
    },
    "Refusal_Rate": {
      "0": 93.90243902439023,
      "1": 94.609375,
      "2": 94.07051282051282,
      "3": 94.87847222222221,
      "4": 95.7175925925926,
      "5": 94.73684210526315
    },
    "Success_Rate": {
      "0": 6.0975609756097615,
      "1": 5.390625000000004,
      "2": 5.929487179487181,
      "3": 5.121527777777779,
      "4": 4.2824074074074066,
      "5": 5.263157894736848
    }
  },
  "family_analysis": {
    "Family": {
      "2": "East Asian",
      "3": "Germanic",
      "4": "Romance",
      "1": "Slavic",
      "0": "Other"
    },
    "Languages": {
      "2": 3,
      "3": 2,
      "4": 5,
      "1": 3,
      "0": 3
    },
    "Samples": {
      "2": 1146,
      "3": 764,
      "4": 1910,
      "1": 1146,
      "0": 1146
    },
    "Mean_Score": {
      "2": 0.06544502617801047,
      "3": 0.07918848167539266,
      "4": 0.11361256544502618,
      "1": 0.11474694589877836,
      "0": 0.13089005235602094
    },
    "Std_Score": {
      "2": 0.4301990519402266,
      "3": 0.4846587519439988,
      "4": 0.6269873422816258,
      "1": 0.6503192776165508,
      "0": 0.6879456303769917
    },
    "Median_Score": {
      "2": 0.0,
      "3": 0.0,
      "4": 0.0,
      "1": 0.0,
      "0": 0.0
    }
  },
  "summary": {
    "total_samples": 6112,
    "languages": 16,
    "mean_score": 0.10373036649214659,
    "refusal_rate": 94.64986910994764
  }
}